{
  "val": {
    "MolWt": {
      "MAE": 20.595636388257482,
      "RMSE": 30.2895318471011,
      "R2": 0.8871574314888027,
      "RelError": 0.07142615523305294
    },
    "HeavyAtomCount": {
      "MAE": 1.5474026444482762,
      "RMSE": 2.1948536844692805,
      "R2": 0.8861921726903549,
      "RelError": 0.07491874838648739
    },
    "NumHeteroatoms": {
      "MAE": 0.6933714782430551,
      "RMSE": 1.0707028352569308,
      "R2": 0.671724349190755,
      "RelError": 0.18878582863090268
    },
    "NumAromaticRings": {
      "MAE": 0.24080237306051722,
      "RMSE": 0.35564064720847144,
      "R2": 0.8739269998282403,
      "RelError": 0.1414648918635312
    },
    "RingCount": {
      "MAE": 0.4123780257805865,
      "RMSE": 0.5690487967943366,
      "R2": 0.8068322618601553,
      "RelError": 0.1656821656904816
    },
    "NOCount": {
      "MAE": 0.6405883762902617,
      "RMSE": 0.9202387574925043,
      "R2": 0.6708801873850775,
      "RelError": 0.19845106270129395
    },
    "NumHDonors": {
      "MAE": 0.4290181756766222,
      "RMSE": 0.5757575673517368,
      "R2": 0.39816305115396844,
      "RelError": 0.659282143405978
    },
    "NumHAcceptors": {
      "MAE": 0.5814829240014483,
      "RMSE": 0.850633486945253,
      "R2": 0.6231227991532936,
      "RelError": 0.20540695802479222
    },
    "TPSA": {
      "MAE": 10.03873514189119,
      "RMSE": 14.82154912227698,
      "R2": 0.5504694845476082,
      "RelError": 0.25794596933889624
    },
    "MolLogP": {
      "MAE": 0.5036523968157638,
      "RMSE": 0.7194778706579577,
      "R2": 0.83297069884657,
      "RelError": 0.14825539538191637
    },
    "NumRotatableBonds": {
      "MAE": 1.0270313699440174,
      "RMSE": 1.4191069450877,
      "R2": 0.7715152657729791,
      "RelError": 0.2170571439136557
    },
    "FractionCSP3": {
      "MAE": 0.05589284393940404,
      "RMSE": 0.08542766929377531,
      "R2": 0.8096969700736203,
      "RelError": 0.13553797368764925
    }
  },
  "test": {
    "MolWt": {
      "MAE": 23.502285519026128,
      "RMSE": 37.653251892527784,
      "R2": 0.8391510036003104,
      "RelError": 0.08169382749796017
    },
    "HeavyAtomCount": {
      "MAE": 1.693941157450575,
      "RMSE": 2.7240211791330635,
      "R2": 0.841518708801617,
      "RelError": 0.08282437531579274
    },
    "NumHeteroatoms": {
      "MAE": 0.871172036518873,
      "RMSE": 1.4410448993718952,
      "R2": 0.5178626983895053,
      "RelError": 0.22784498998782227
    },
    "NumAromaticRings": {
      "MAE": 0.2741430870595196,
      "RMSE": 0.37779892377525337,
      "R2": 0.8760111042739545,
      "RelError": 0.17102504738257457
    },
    "RingCount": {
      "MAE": 0.43781284727507336,
      "RMSE": 0.6436319133771703,
      "R2": 0.7630958572082015,
      "RelError": 0.17773894088163947
    },
    "NOCount": {
      "MAE": 0.8406753914034167,
      "RMSE": 1.3100708500969689,
      "R2": 0.49393340181122214,
      "RelError": 0.2482776348818776
    },
    "NumHDonors": {
      "MAE": 0.4347241834489759,
      "RMSE": 0.586856349791683,
      "R2": 0.4073150807025683,
      "RelError": 0.6126682611005468
    },
    "NumHAcceptors": {
      "MAE": 0.7475588632353963,
      "RMSE": 1.201100451791303,
      "R2": 0.4281342721779612,
      "RelError": 0.2538527072996225
    },
    "TPSA": {
      "MAE": 12.734392934908758,
      "RMSE": 19.05467112973842,
      "R2": 0.4482893955869025,
      "RelError": 0.30284247372128936
    },
    "MolLogP": {
      "MAE": 0.5990970625290721,
      "RMSE": 0.859752441859615,
      "R2": 0.7662085064519757,
      "RelError": 0.18408979960884048
    },
    "NumRotatableBonds": {
      "MAE": 1.083652478646766,
      "RMSE": 1.4884211047771612,
      "R2": 0.7258452591232505,
      "RelError": 0.2554189483510855
    },
    "FractionCSP3": {
      "MAE": 0.06485853470855364,
      "RMSE": 0.10203002371942524,
      "R2": 0.7805161222707344,
      "RelError": 0.15296327682329666
    }
  },
  "summary": {
    "mean_r2": 0.657323450866517,
    "median_r2": 0.744470558165726,
    "best_descriptor": "NumAromaticRings",
    "best_r2": 0.8760111042739545,
    "worst_descriptor": "NumHDonors",
    "worst_r2": 0.4073150807025683
  }
}