{
  "train_loss": [
    2.245168149471283,
    32.39482386673198,
    1.5505886989481308,
    1.3116179704666138,
    1.1768884974367477,
    1.0839813772369833,
    1.0101240364944233,
    0.9764601202572093,
    0.9070129166631138,
    0.8648419590557322,
    0.8224715906030992,
    0.785438118612065,
    0.7546123494120205,
    0.7224586185287026,
    0.6911378117168651,
    0.6681646757266101,
    0.6455064538647147,
    0.6218524925849017,
    0.6014527380466461,
    0.577230222084943,
    0.5574781754437614,
    0.5545791931012097,
    0.5241664709413753,
    0.5059001647374209,
    0.49221614353797016,
    0.4787295416874044,
    0.4663978876436458,
    0.45203405092744264,
    0.43670063947930055,
    0.4239145254387575,
    0.41103967235368843,
    0.4001498406424242,
    0.3887263142010745,
    0.3788227026953417,
    0.36184795639094186,
    0.35183640613275413,
    0.3429551264818977,
    0.3335265797727248,
    0.32749394283575173,
    0.3161548270898707,
    0.30700812182005716,
    0.29778633748783784,
    0.28723905629971447,
    0.2767869207788916,
    0.26843656029771357,
    0.26539865399108215,
    0.2392900494091651,
    0.22643335119766347,
    0.22049577490371816,
    0.21606690524255528,
    0.21346542458323872,
    0.2065668285769575,
    0.19641677903778412,
    0.1915269748252981,
    0.18837320673115113,
    0.18627733211306965,
    0.18439541625625946,
    0.18165399923044093,
    0.17801790421499925,
    0.17405342179186203,
    0.1734295816105955,
    0.1725633179440218,
    0.1713920757174492,
    0.16971036791801453,
    0.1688976038028212,
    0.1657220835194868,
    0.16701042652130127,
    0.16559964900507645,
    0.16470816030221827,
    0.1643270227838965,
    0.16270727094481974,
    0.16209537097636392,
    0.1619162883828668,
    0.16196945221985087,
    0.16061371608692057,
    0.1611680822337375,
    0.16014778855092385,
    0.16029923233915777,
    0.16039292952593634,
    0.15883929107119055,
    0.158599614220507,
    0.16056935795966318,
    0.1586602882427328,
    0.1586876152192845,
    0.1592090015902239,
    0.15879428430515177,
    0.1594944320180837,
    0.1593457166762913,
    0.15916996273924322,
    0.1581611966385561,
    0.1581661872127477,
    0.15965231595670476,
    0.1582332967835314,
    0.15825392130543203,
    0.15793728565468507,
    0.15794179281767676,
    0.15915608055451336,
    0.15846423278836644,
    0.1587027933667688,
    0.1575287080862943
  ],
  "train_recon": [
    2.245168149471283,
    1.7592540839139152,
    1.5135611996931189,
    1.3022303476053125,
    1.169085425489089,
    1.0802544460577124,
    1.007938225479687,
    0.9539983570575714,
    0.9057441914782804,
    0.8640138138743008,
    0.8219095713952008,
    0.7850546556360581,
    0.7543173818027272,
    0.7222277189002317,
    0.690955696737065,
    0.6680057346820831,
    0.645377928719801,
    0.6217453234335956,
    0.6013590465573704,
    0.5771508199327132,
    0.5574781754437614,
    0.5434361687477898,
    0.5238232174340416,
    0.5058388350641027,
    0.4921605937621173,
    0.47867000190650716,
    0.46633753268157735,
    0.4519663006067276,
    0.4366378573810353,
    0.42385680009337035,
    0.41097512578263,
    0.4000830685391146,
    0.3886578757973278,
    0.37875378657789793,
    0.3617938511511859,
    0.3517902125330532,
    0.3429073726429659,
    0.33347726306494546,
    0.32743826333214254,
    0.3161013424396515,
    0.30700812182005716,
    0.29751050033990073,
    0.2872013966826832,
    0.27676241406623053,
    0.2684103754513404,
    0.2653649563298506,
    0.23926904885207906,
    0.22641393104020288,
    0.22047664751024806,
    0.2160482183098793,
    0.21344464053125942,
    0.2065459866734112,
    0.19640064721598344,
    0.19151125672985525,
    0.1883582319406902,
    0.18626131599440293,
    0.18438062816858292,
    0.18164122762048945,
    0.1780052851228153,
    0.17404154293677387,
    0.1734295816105955,
    0.1725493204944274,
    0.1713871197665439,
    0.16970544220770106,
    0.1688919961452484,
    0.16571620544966528,
    0.16700262357206905,
    0.1655922242823769,
    0.16469939710462794,
    0.16431697019759348,
    0.1626967209226945,
    0.16208363806500153,
    0.1619047084275414,
    0.16195886801270878,
    0.16060299689278884,
    0.1611582636833191,
    0.16013475441757372,
    0.16028925732654684,
    0.16038253333638697,
    0.15882962460027022,
    0.158599614220507,
    0.16056701015023625,
    0.15865562374100967,
    0.15868239674498053,
    0.1592039067079039,
    0.1587885153644225,
    0.15948839792433908,
    0.15933895680834265,
    0.15916143664542368,
    0.15815188341280995,
    0.15815601410234675,
    0.1596418189651826,
    0.1582236688803224,
    0.1582439248176182,
    0.1579278554109966,
    0.15793203825459762,
    0.159145147923161,
    0.15845503044479034,
    0.15869282843435512,
    0.15751761110389934
  ],
  "train_kl": [
    1389.4350408946766,
    306.35569370143554,
    0.18513742713805506,
    0.03129206241711097,
    0.0195076475467752,
    0.007453849552856649,
    0.003643016618512133,
    0.032088231829488105,
    0.001585905727766016,
    0.000920160290072946,
    0.0005620236316805377,
    0.00038346461951732635,
    0.0002949707319631296,
    0.0002308971495093668,
    0.00018211247344665667,
    0.00015894270173328763,
    0.00012853352681678885,
    0.00010716924717759385,
    9.369011968374252e-05,
    7.940342595033785e-05,
    0.2263573555768851,
    0.11143020063857823,
    0.001716272028930047,
    0.00020443672752555679,
    0.00013888178064542657,
    0.00011908568387084147,
    0.00010058690574677552,
    9.678831488332328e-05,
    7.847606149666449e-05,
    6.413661107859191e-05,
    6.454257184968275e-05,
    6.676873411325847e-05,
    6.843726698528317e-05,
    6.891621331519941e-05,
    5.410436321707333e-05,
    4.619394209893311e-05,
    4.7755441354478104e-05,
    4.9317543230512564e-05,
    5.567713421495522e-05,
    5.3482527351554705e-05,
    0.005080966237822876,
    0.0027583648916333914,
    0.000188309425378547,
    8.16879328340292e-05,
    6.545741823227967e-05,
    6.738921408267582e-05,
    3.499963649493806e-05,
    2.7743154479300274e-05,
    2.3908776176326417e-05,
    2.076341222752543e-05,
    2.0784805254901157e-05,
    2.0841232446186684e-05,
    1.6130397424978367e-05,
    1.5718629583716393e-05,
    1.4975050683407222e-05,
    1.6015954315662384e-05,
    1.4787649407106287e-05,
    1.2773048023090642e-05,
    1.2619379798279088e-05,
    1.1878156596246887e-05,
    8.962996413602548e-05,
    0.00013995560926987846,
    2.4775399223846546e-05,
    1.6417929573970684e-05,
    1.4022417256937307e-05,
    1.1754003079498516e-05,
    1.3006851077079773e-05,
    1.0606230181806227e-05,
    1.0954202426707043e-05,
    1.1168434010709033e-05,
    1.0550309739568655e-05,
    1.173230874187806e-05,
    1.1579571839641122e-05,
    1.0582454064313102e-05,
    1.0719262611340074e-05,
    9.817619095830356e-06,
    1.3033626601099968e-05,
    9.973711498519953e-06,
    1.0394874741049374e-05,
    9.666060042731902e-06,
    1.1934241389527041e-05,
    2.349065342808471e-05,
    2.3319632472360836e-05,
    1.7393353011678246e-05,
    1.2738191906143638e-05,
    1.1538210160592024e-05,
    1.005579114836805e-05,
    9.656678337384673e-06,
    1.0657589882612228e-05,
    1.0347541640786563e-05,
    1.0174014331663356e-05,
    1.0496183462879236e-05,
    9.628026472295032e-06,
    9.995446923901053e-06,
    9.429435629178496e-06,
    9.753796107628767e-06,
    1.0934096815831521e-05,
    9.202864021062851e-06,
    9.964535231975948e-06,
    1.1098461554330938e-05
  ],