{
  "model_type": "ConditionalVAE",
  "vocab_size": 44,
  "descriptor_dim": 30,
  "latent_dim": 128,
  "test_metrics": {
    "exact_match_rate": 0.15808823529411764,
    "formula_match_rate": 0.6213235294117647,
    "mean_tanimoto": 0.584675909710065,
    "median_tanimoto": 0.5834260289210234,
    "mean_validity": 0.9995588235294117,
    "total_evaluated": 272
  },
  "n_train": 2176,
  "n_test": 272
}