{
  "train_loss": [
    2.956310314290664,
    2.4467318338506363,
    2.332636370378382,
    2.229847992167753,
    2.1283089693854835,
    2.033501611036413,
    1.9466627134996302,
    1.8650094060336841,
    1.7842963302836699,
    1.7196217494852402,
    1.6655501477858599,
    1.61889428952161,
    1.5763900420245003,
    1.54175566925722,
    1.504799351972692,
    1.469832883161657,
    1.4448782976935892,
    1.4073192652534037,
    1.3864507324555342,
    1.3685890576418709,
    1.335586099063649,
    1.3170596010544722,
    1.2773811676922966,
    1.2537205219268799,
    1.2294423019184786,
    1.2110477685928345,
    1.1874411386602066,
    1.1720398944966934,
    1.1429411663728601,
    1.1272639737409704,
    1.1097467156017529,
    1.080908312517054,
    1.0655988454818726,
    1.0490183199153227,
    1.033277806113748,
    1.013061018551097,
    0.9973413663751939,
    0.9845816528095919,
    0.9702712612993577,
    0.9636343296836404,
    0.9507738246637232,
    0.9391730883542229,
    0.9261863617336049,
    0.9162634260514203,
    0.9051272588617661,
    0.903448760509491,
    0.895374876611373,
    0.8867439347154954,
    0.8756620077525868,
    0.8693781004232519,
    0.8599021750337937,
    0.8543565518715802,
    0.8511519642437205,
    0.8465265666737276,
    0.8376549938145805,
    0.8350554950097028,
    0.8382135349161485,
    0.8300011052804834,
    0.8293361558633692,
    0.8206763548009536,
    0.8191102813271915,
    0.811700866502874,
    0.8074435135897469,
    0.8071393335566801,
    0.8059806963976692,
    0.8037195240750032,
    0.8012683076017043,
    0.7966461286825293,
    0.7925653562826269,
    0.7940116244203904,
    0.7907960555132698,
    0.786047265810125,
    0.7848908936276155,
    0.7829756421201369
  ],
  "val_loss": [
    2.52671217918396,
    2.3516109784444175,
    2.2512428760528564,
    2.1380301316579184,
    2.044773976008097,
    1.9490454991658528,
    1.8728198607762654,
    1.801890214284261,
    1.7356618642807007,
    1.6944441397984822,
    1.6430211067199707,
    1.6032377481460571,
    1.570047378540039,
    1.524051825205485,
    1.5116865634918213,
    1.4742999871571858,
    1.4383434851964314,
    1.4538305600484211,
    1.4090368350346882,
    1.424880822499593,
    1.4203341801961262,
    1.3696922461191814,
    1.3579779068628948,
    1.355464220046997,
    1.3284610509872437,
    1.3297791481018066,
    1.308497707049052,
    1.3212889432907104,
    1.3041048049926758,
    1.3058774868647258,
    1.3047011693318684,
    1.2881687879562378,
    1.279545823733012,
    1.2798494100570679,
    1.279011567433675,
    1.2859065930048625,
    1.279492735862732,
    1.2708491881688435,
    1.260696252187093,
    1.2955443064371746,
    1.269419272740682,
    1.265511115392049,
    1.266108552614848,
    1.2587098280588787,
    1.276056965192159,
    1.2749155759811401,
    1.28355073928833,
    1.284404714902242,
    1.260508378346761,
    1.2708365122477214,
    1.2717464764912922,
    1.26805579662323,
    1.2610942522684734,
    1.260492245356242,
    1.267346978187561,
    1.275479515393575,
    1.288977066675822,
    1.2746421496073406,
    1.2760380109151204,
    1.2693109114964802,
    1.2891488075256348,
    1.2707563241322835,
    1.2690268754959106,
    1.283238410949707,
    1.2919813394546509,
    1.280319611231486,
    1.2759379148483276,
    1.29314124584198,
    1.2756083806355794,
    1.284364938735962,
    1.2820605039596558,
    1.2839121023813884,
    1.287274678548177,
    1.2777411540349324
  ],
  "lr": [
    1.2791946860283003e-05,
    1.5159076610166502e-05,
    1.9075352569465718e-05,
    2.4497698593042307e-05,
    3.136647287660811e-05,
    3.9606123972553984e-05,
    4.9126021800112365e-05,
    5.9821454509356226e-05,
    7.157478023426533e-05,
    8.425672106642684e-05,
    9.772778501661409e-05,
    0.00011183980032371553,
    0.00012643754523474906,
    0.0001413604553295825,
    0.00015644438961105077,
    0.00017152343593478,
    0.00018643173592032376,
    0.00020100530927093615,
    0.00021508385743580985,
    0.00022851252677582662,
    0.00024114361183929763,
    0.0002528381800129174,
    0.0002634675996779712,
    0.00027291495506320395,
    0.0002810763322320141,
    0.00028786196205906234,
    0.00029319720762439633,
    0.000297023385164484,
    0.000299298409550301,
    0.0002999999648654914,
    0.0002999886165627585,
    0.00029995696228351983,
    0.0002999050063132581,
    0.0002998327556859801,
    0.00029974022018326404,
    0.00029962741233293587,
    0.0002994943474073726,
    0.00029934104342143524,
    0.0002991675211300294,
    0.00029897380402529574,
    0.0002987599183334292,
    0.0002985258930111288,
    0.0002982717597416769,
    0.0002979975529306503,
    0.0002977033097012616,
    0.0002973890698893342,
    0.0002970548760379083,
    0.00029670077339148177,
    0.00029632680988988467,
    0.0002959330361617889,
    0.0002955195055178538,
    0.00029508627394350906,
    0.00029463340009137483,
    0.00029416094527332133,
    0.00029366897345216807,
    0.0002931575512330244,
    0.0002926267478542722,
    0.00029207663517819205,
    0.00029150728768123445,
    0.00029091878244393656,
    0.00029031119914048694,
    0.0002896846200279391,
    0.00028903912993507485,
    0.00028837481625092003,
    0.00028769176891291356,
    0.000286990080394731,
    0.0002862698456937654,
    0.00028553116231826625,
    0.00028477413027413795,
    0.00028399885205140116,
    0.00028320543261031684,
    0.00028239397936717674,
    0.0002815646021797606,
    0.00028071741333246324
  ]
}