{
  "n_samples": 272,
  "exact_match_rate": 0.06985294117647059,
  "exact_matches": 19,
  "mean_best_tanimoto": 0.49125937854889173,
  "median_best_tanimoto": 0.45993589743589747,
  "mean_valid_candidates": 42.32720588235294,
  "all_best_similarities": [
    0.7142857142857143,
    1.0,
    0.18867924528301888,
    0.2222222222222222,
    0.7307692307692307,
    0.2,
    0.15584415584415584,
    0.6222222222222222,
    0.75,
    0.7678571428571429,
    1.0,
    0.2028985507246377,
    0.639344262295082,
    0.08620689655172414,
    0.6415094339622641,
    0.6875,
    0.7868852459016393,
    0.23076923076923078,
    0.3333333333333333,
    0.19444444444444445,
    0.6086956521739131,
    0.3611111111111111,
    0.2926829268292683,
    0.559322033898305,
    0.2222222222222222,
    1.0,
    0.18055555555555555,
    0.2894736842105263,
    0.7884615384615384,
    0.7407407407407407,
    0.6382978723404256,
    0.5116279069767442,
    0.36619718309859156,
    0.45,
    0.7254901960784313,
    0.5675675675675675,
    0.8604651162790697,
    0.6727272727272727,
    0.45454545454545453,
    0.3125,
    0.6938775510204082,
    0.26744186046511625,
    0.47692307692307695,
    0.38181818181818183,
    0.42857142857142855,
    0.19148936170212766,
    0.1375,
    0.410958904109589,
    0.3870967741935484,
    0.4074074074074074,
    0.5,
    0.5454545454545454,
    0.7209302325581395,
    0.140625,
    1.0,
    0.5967741935483871,
    0.39344262295081966,
    1.0,
    0.2978723404255319,
    0.2037037037037037,
    0.24,
    0.8181818181818182,
    0.75,
    1.0,
    0.5094339622641509,
    0.723404255319149,
    0.4878048780487805,
    0.625,
    0.7142857142857143,
    0.2708333333333333,
    0.5666666666666667,
    0.8269230769230769,
    0.5,
    0.3728813559322034,
    0.52,
    1.0,
    0.5142857142857142,
    0.48936170212765956,
    0.7209302325581395,
    1.0,
    0.2619047619047619,
    0.05263157894736842,
    0.7291666666666666,
    0.23684210526315788,
    0.711864406779661,
    0.30612244897959184,
    0.7708333333333334,
    0.5675675675675675,
    0.22972972972972974,
    1.0,
    0.18446601941747573,
    0.21794871794871795,
    0.3283582089552239,
    0.15217391304347827,
    0.6571428571428571,
    0.18518518518518517,
    0.4838709677419355,
    0.4411764705882353,
    0.323943661971831,
    0.5652173913043478,
    0.28205128205128205,
    0.6842105263157895,
    1.0,
    0.3829787234042553,
    0.3076923076923077,
    1.0,
    0.23863636363636365,
    0.16666666666666666,
    0.37735849056603776,
    0.46774193548387094,
    0.5106382978723404,
    1.0,
    0.7708333333333334,
    0.23214285714285715,
    0.65625,
    0.5555555555555556,
    0.864406779661017,
    0.09090909090909091,
    0.1282051282051282,
    0.75,
    0.30303030303030304,
    0.9761904761904762,
    0.25333333333333335,
    0.7457627118644068,
    0.24468085106382978,
    0.7962962962962963,
    0.18055555555555555,
    0.22807017543859648,
    0.36585365853658536,
    0.6346153846153846,
    0.24285714285714285,
    0.3050847457627119,
    1.0,
    0.39344262295081966,
    0.4166666666666667,
    0.5777777777777777,
    0.2653061224489796,
    0.2878787878787879,
    1.0,
    0.3783783783783784,
    0.7708333333333334,
    0.6216216216216216,
    0.48936170212765956,
    0.40540540540540543,
    0.1917808219178082,
    0.3392857142857143,
    1.0,
    0.15294117647058825,
    0.6666666666666666,
    0.23529411764705882,
    0.7307692307692307,
    0.7169811320754716,
    0.4883720930232558,
    0.4583333333333333,
    0.6153846153846154,
    0.15294117647058825,
    0.6785714285714286,
    0.46774193548387094,
    0.46153846153846156,
    0.38461538461538464,
    0.609375,
    0.782608695652174,
    0.5862068965517241,
    0.15517241379310345,
    0.22916666666666666,
    0.975,
    0.5084745762711864,
    0.2727272727272727,
    0.375,
    0.7333333333333333,
    0.2,
    0.3409090909090909,
    0.25,
    1.0,
    0.5384615384615384,
    0.4264705882352941,
    1.0,
    0.8108108108108109,
    0.5,
    0.3695652173913043,
    0.2708333333333333,
    1.0,
    0.5483870967741935,
    0.696969696969697,
    0.8,
    0.7551020408163265,
    0.296875,
    0.1927710843373494,
    0.14285714285714285,
    0.32786885245901637,
    1.0,
    0.696969696969697,
    0.6333333333333333,
    0.3333333333333333,
    0.3448275862068966,
    0.43902439024390244,
    0.6896551724137931,
    0.19607843137254902,
    0.8235294117647058,
    0.8363636363636363,
    0.14893617021276595,
    0.6,
    0.1864406779661017,
    0.4634146341463415,
    0.2028985507246377,
    1.0,
    0.23076923076923078,
    0.4230769230769231,
    0.17777777777777778,
    0.27906976744186046,
    0.40540540540540543,
    0.5333333333333333,
    0.26,
    0.4782608695652174,
    0.20930232558139536,
    0.6222222222222222,
    0.2112676056338028,
    0.22666666666666666,
    0.421875,
    0.7407407407407407,
    0.44,
    0.2033898305084746,
    0.38461538461538464,
    0.4782608695652174,
    0.5671641791044776,
    0.7058823529411765,
    0.29310344827586204,
    0.8604651162790697,
    0.21311475409836064,
    0.2153846153846154,
    0.6964285714285714,
    0.5454545454545454,
    0.7358490566037735,
    0.17708333333333334,
    0.24,
    0.5434782608695652,
    0.17777777777777778,
    0.6666666666666666,
    0.6666666666666666,
    0.14705882352941177,
    0.2698412698412698,
    0.2564102564102564,
    0.8666666666666667,
    0.358974358974359,
    0.2978723404255319,
    0.2898550724637681,
    0.39473684210526316,
    1.0,
    0.5882352941176471,
    0.5535714285714286,
    0.24193548387096775,
    0.28125,
    0.36065573770491804,
    0.2564102564102564,
    0.3469387755102041,
    0.45714285714285713,
    0.19230769230769232,
    0.75,
    0.6222222222222222,
    0.2328767123287671,
    0.23684210526315788,
    0.32608695652173914,
    0.47619047619047616,
    0.5806451612903226,
    1.0,
    0.20967741935483872,
    0.6842105263157895,
    0.6285714285714286,
    0.4722222222222222,
    0.22916666666666666,
    0.3076923076923077,
    0.3
  ]
}