{
  "train_loss": [
    2.1994858664624832,
    35.14735997073791,
    1.6134630371542538,
    1.3173654430052812,
    1.1838776188738205,
    1.09548718438429,
    1.03078313610133,
    0.970827951150782,
    0.9184942368198844,
    0.8757264806943781,
    0.8378776785205392,
    0.7968176287763259,
    0.7631081272574032,
    0.7362978265565985,
    0.7048173809752745,
    0.6834306769511279,
    0.6631279920830446,
    0.6398690027349135,
    0.6163989550927106,
    0.5983791929834029,
    0.580054842373904,
    0.5777998812058392,
    0.5453613409224678,
    0.5294369161128998,
    0.5106306619503919,
    0.49637335889479695,
    0.48380130617057576,
    0.46945557524176207,
    0.45569200200193066,
    0.445313778870246,
    0.4316220099435133,
    0.41723843883065614,
    0.412332221865654,
    0.40012477601275726,
    0.3883733135812423,
    0.37841517960324006,
    0.36948345250943126,
    0.3585885079467998,
    0.34512580931186676,
    0.3351425835314919,
    0.3316863468464683,
    0.32173044716610627,
    0.30892533502158,
    0.30414750120219064,
    0.29577626287937164,
    0.2846086621284485,
    0.262526314924745,
    0.24900342480224721,
    0.24257941675536773,
    0.23929804125252893,
    0.2345807447152979,
    0.23069246244781158,
    0.22000633048660614,
    0.21527050654677785,
    0.21180906234418645,
    0.2082466426141122,
    0.2065119173596887,
    0.2047397792339325,
    0.199638013892314,
    0.19672681960989447,
    0.19576574116945267,
    0.19569417615147197,
    0.19430580472244935,
    0.19347955242675893,
    0.19103751243913875,
    0.1890915483236313,
    0.18777869247338352,
    0.18834263305453694,
    0.18773571708623102,
    0.187392821206766,
    0.1867500140386469,
    0.18660860859295902,
    0.18508764224893906,
    0.18608325982795043,
    0.18445804364540996,
    0.1848712467095431,
    0.18344645596602382,
    0.1831804023069494,
    0.1842774608555962,
    0.1831161073025535,
    0.18136861788875916,
    0.18353464761201074,
    0.18397187441587448,
    0.18198798202416477,
    0.1830949388882693,
    0.1818272896549281,
    0.18333648189025767,
    0.18239145506830776,
    0.1832942230736508,
    0.18243051846237743,
    0.18150850867523866,
    0.18096942498403437,
    0.18156351631178574,
    0.18207388283575282,
    0.18198922539458556,
    0.18152157041956396,
    0.18189355993972106,
    0.1808584354379598,
    0.18206357692970948,
    0.18102819560205236
  ],
  "train_recon": [
    2.1994858664624832,
    1.7178565964979284,
    1.4932706075556137,
    1.2901826956692863,
    1.1675857130218954,
    1.0852689146995544,
    1.0236814968726213,
    0.9662633871330935,
    0.915717189802843,
    0.873685829779681,
    0.8363427712636835,
    0.7956905347459456,
    0.7622238993644714,
    0.7356060059631572,
    0.7042899254490348,
    0.683012290912516,
    0.6627453162389643,
    0.6394987001138575,
    0.6160676917609047,
    0.5981059687979081,
    0.580054842373904,
    0.5609949748305714,
    0.5446523936355815,
    0.5292868053211885,
    0.5104887722169652,
    0.4962224188972922,
    0.4835799047175576,
    0.46922804064610424,
    0.45554294218035307,
    0.44515761733055115,
    0.43144606842714195,
    0.41708243682103996,
    0.41216331545044393,
    0.4000013084972606,
    0.38825589506065145,
    0.3782905918710372,
    0.3693507778293946,
    0.3584473264567992,
    0.34499259293079376,
    0.3350212749312906,
    0.3316863468464683,
    0.3194122340749292,
    0.3087473792188308,
    0.3040061058367,
    0.29554909029427695,
    0.2844474946751314,
    0.2624633079942535,
    0.2489632223458851,
    0.24253779781215332,
    0.23925196905346477,
    0.23453865200281143,
    0.23065318079555736,
    0.21997935281080358,
    0.21524769199245117,
    0.21178816390388153,
    0.2082244525937473,
    0.20649119773331812,
    0.20471935324809132,
    0.19962153802899754,
    0.196712344446603,
    0.19576574116945267,
    0.19564626059111426,
    0.1942940428853035,
    0.19347013883730946,
    0.19102978750186808,
    0.18908368401667652,
    0.18776896595954895,
    0.18833238500006058,
    0.18772463325191946,
    0.18737977085744634,
    0.18673839683041854,
    0.18659686560139938,
    0.18507599699146607,
    0.18606963841354146,
    0.1844471903408275,
    0.1848593972185079,
    0.18343480851720362,
    0.183169086189831,
    0.184267417911221,
    0.1831064728253028,
    0.18136861788875916,
    0.18352716284639695,
    0.1839653954786413,
    0.18198371021186605,
    0.18308978615438237,
    0.18182122444405274,
    0.1833291307968252,
    0.18238290969063253,
    0.18328682771500418,
    0.18242205416454987,
    0.1814980520045056,
    0.18095997545649023,
    0.1815538187237347,
    0.18206284721108043,
    0.18197874505730235,
    0.18151121761868982,
    0.18188234374803655,
    0.18084833113586202,
    0.18205260923680136,
    0.18101800233125687
  ],
  "train_kl": [
    1409.3032688182943,
    334.29502945787766,
    0.6009621151229915,
    0.09060915285611854,
    0.04072973099263275,
    0.020436539533821976,
    0.011836073991349515,
    0.006520802155137062,
    0.003471313153996187,
    0.002267389722606715,
    0.0015349069692413596,
    0.001127094920615063,
    0.0008842261535499026,
    0.000691824551562176,
    0.000527453252716976,
    0.0004183847922831774,
    0.0003826717763920041,
    0.00037030448370120107,
    0.00033126348246108084,
    0.00027322348700288464,
    0.2887612771626343,
    0.16804906854625135,
    0.003544735147015137,
    0.0005003665573894978,
    0.0003547247718362247,
    0.0003018743933781105,
    0.0003689994405516807,
    0.0003250486299614696,
    0.00018632144886342918,
    0.00017351253122529562,
    0.0001759414204998928,
    0.00015600005109958788,
    0.0001689070589183008,
    0.00012346632395158797,
    0.0001174162607640028,
    0.00012458807460087186,
    0.00013267528265714645,
    0.0001411827637211365,
    0.00013321539496674258,
    0.00012130888781565077,
    0.052127189180978084,
    0.023182142279384768,
    0.0008897715220775674,
    0.0004713143879438148,
    0.0005679358591270797,
    0.00032233896062654606,
    0.00010501075645580011,
    5.74314857230467e-05,
    5.2023377707775904e-05,
    5.119143273023998e-05,
    4.209343837026288e-05,
    3.9282035739982826e-05,
    2.697610077174271e-05,
    2.281386953066377e-05,
    2.089849508860532e-05,
    2.2188924691256354e-05,
    2.0718900486826897e-05,
    2.0426533677998712e-05,
    1.647569896543727e-05,
    1.4476272661019774e-05,
    0.0006308280999827035,
    0.00047914561925127227,
    5.880840506185503e-05,
    3.1380845672067476e-05,
    1.9314383868785464e-05,
    1.572842216667007e-05,
    1.6209258533575956e-05,
    1.4640253913753173e-05,
    1.385413548525642e-05,
    1.4500459656119347e-05,
    1.1617728673359926e-05,
    1.174271764124141e-05,
    1.1644463109619478e-05,
    1.3620469390469439e-05,
    1.0852619786472882e-05,
    1.1849600602598752e-05,
    1.164685989565709e-05,
    1.1315897983663222e-05,
    1.0042944375206443e-05,
    9.632998091333052e-06,
    3.0564281212932925e-05,
    7.484632763354217e-05,
    3.240034258102669e-05,
    1.4237539075753267e-05,
    1.2881136225426898e-05,
    1.2130243703722954e-05,
    1.2250165181124912e-05,
    1.2208009138703346e-05,
    9.243376553058624e-06,
    9.405317113679998e-06,
    1.0456985739224097e-05,
    9.450554738149923e-06,
    9.695780189598308e-06,
    1.1035994462230627e-05,
    1.0480049668866045e-05,
    1.0352129774058567e-05,
    1.1216972351950758e-05,
    1.0104274705928915e-05,
    1.0967008112108006e-05,
    1.0194749954868766e-05
  ],