{
  "episode": 100,
  "train": {
    "mean_reward": 0.34895797436934894,
    "mean_tanimoto": 0.0,
    "validity_rate": 0.7895196506550218,
    "exact_match_rate": 0.0
  },
  "val": {
    "mean_reward": 0.20525455087423325,
    "validity_rate": 0.46,
    "exact_match_rate": 0.0,
    "mean_tanimoto": 0.0,
    "mean_steps": 1.46
  },
  "update": {
    "policy_loss": -0.02712058178322924,
    "value_loss": 0.0004909566978592707,
    "entropy": 1.1344004906131886,
    "kl_div": 0.026286340685504856
  },
  "elapsed_minutes": 60.46944538752238
}